{
  "name": "pg_ttl_index",
  "abstract": "Automatic Time-To-Live (TTL) data expiration for PostgreSQL tables",
  "description": "A high-performance PostgreSQL extension that provides automatic Time-To-Live (TTL) functionality for data expiration. Features include background worker for automatic cleanup, multi-table support with different expiry times, configurable cleanup intervals, and production-ready implementation with ACID compliance.",
  "version": "1.0.2",
  "maintainer": [
    "Ibrahim Karim Eddin <ibrahimkarimeddin@gmail.com>"
  ],
  "license": "postgresql",
  "tags": [
    "ttl",
    "time-to-live",
    "data-expiration",
    "cleanup",
    "background-worker",
    "automatic",
    "data-retention",
    "performance",
    "maintenance"
  ],
  "provides": {
    "pg_ttl_index": {
      "file": "pg_ttl_index--1.0.2.sql",
      "version": "1.0.2",
      "abstract": "TTL extension functions and background worker"
    }
  },
  "resources": {
    "homepage": "https://github.com/ibrahimkarimeddin/postgres-extensions-pg_ttl",
    "repository": {
      "url": "git://github.com/ibrahimkarimeddin/postgres-extensions-pg_ttl.git",
      "web": "https://github.com/ibrahimkarimeddin/postgres-extensions-pg_ttl",
      "type": "git"
    },
    "bugtracker": {
      "web": "https://github.com/ibrahimkarimeddin/postgres-extensions-pg_ttl/issues"
    }
  },
  "generated_by": "Ibrahim Karim Eddin",
  "meta-spec": {
    "version": "1.0.0",
    "url": "https://pgxn.org/meta/spec.txt"
  }
}